Author,Author Profile Link,Post Link
Melissa Kaufman,https://www.linkedin.com/in/crounse?trk=public_post_feed-actor-name,https://www.linkedin.com/posts/crounse_an-entrepreneurial-mindset-is-for-everyone-activity-7183925195701694464-lEs7
Ganesh Dalvi,https://in.linkedin.com/in/ganeshdalvicpf?trk=public_post_feed-actor-name,https://www.linkedin.com/posts/ganeshdalvicpf_i-began-my-entrepreneurial-journey-in-2012-activity-7178941370722619393-ZCTd
Senu Sam,https://in.linkedin.com/in/senusam?trk=public_post_feed-actor-name,https://www.linkedin.com/posts/senusam_in-my-entrepreneurial-journey-one-thing-activity-7186292874164998144-Unhs
Dan Sullivan,https://ca.linkedin.com/in/dansullivansc?trk=public_post_feed-actor-name,https://www.linkedin.com/posts/dansullivansc_entrepreneurs-business-growth-activity-7117901972430540800-Lyhu
Jason Scheckner,https://www.linkedin.com/in/jasonscheckner?trk=public_post_feed-actor-name,https://www.linkedin.com/posts/jasonscheckner_they-say-startup-success-stories-like-ipos-activity-7180765718450180096-KOF-
Lakrisha Davis,https://www.linkedin.com/in/lakrishadavis?trk=public_post_feed-actor-name,https://www.linkedin.com/posts/lakrishadavis_early-in-my-entrepreneurial-journey-one-activity-7183073344106237952-c_Fe
Matt Hunckler,https://www.linkedin.com/in/hunckler?trk=public_post_feed-actor-name,https://www.linkedin.com/posts/hunckler_lets-break-a-myth-entrepreneurship-isnt-activity-7135274001597108225-fv8z
Stephanie Stuckey,https://www.linkedin.com/in/stephaniestuckey?trk=public_post_feed-actor-name,https://www.linkedin.com/posts/stephaniestuckey_the-entrepreneurial-journey-is-about-being-activity-6989928116236288001-GKvb
Trey Buchanan,https://www.linkedin.com/in/treybuchanan?trk=public_post_feed-actor-name,https://www.linkedin.com/posts/treybuchanan_first-few-months-of-my-entrepreneurial-journey-activity-7192632540342489088-rlvV
Tamara Loehr,https://www.linkedin.com/in/tamaraloehr?trk=public_post_feed-actor-name,https://www.linkedin.com/posts/tamaraloehr_from-my-early-days-as-a-member-of-entrepreneurs-activity-7193965368044896257-pJFZ
